#    t=      ,    KineticE=    ,      TotalE=      ,      PotentialE=    ,    P(GPa)=       ,     T(K)=         ,     xi=
      0.00   ,    0.0160292875 ,  -1151.8631064025 ,  -1151.8791356900   ,    0.0000000000  ,   482.0178727482  ,     0.0000000000
     40.00   ,    0.0292395593 ,  -1151.8650493907 ,  -1151.8942889500   ,    0.0000000000  ,   879.2649218227  ,     0.0000000000
     80.00   ,    0.0357776306 ,  -1151.8626596394 ,  -1151.8984372700   ,    0.0000000000  ,  1075.8717410971  ,     0.0000000000
    120.00   ,    0.0291472358 ,  -1151.8614977342 ,  -1151.8906449700   ,    0.0000000000  ,   876.4886550472  ,     0.0000000000
    160.00   ,    0.0281266304 ,  -1151.8630345796 ,  -1151.8911612100   ,    0.0000000000  ,   845.7979560180  ,     0.0000000000
    200.00   ,    0.0372464451 ,  -1151.8639433849 ,  -1151.9011898300   ,    0.0000000000  ,  1120.0405677088  ,     0.0000000000
    240.00   ,    0.0462932370 ,  -1151.8629212930 ,  -1151.9092145300   ,    0.0000000000  ,  1392.0873070663  ,     0.0000000000
    280.00   ,    0.0507646286 ,  -1151.8631838614 ,  -1151.9139484900   ,    0.0000000000  ,  1526.5468515767  ,     0.0000000000
    320.00   ,    0.0517447007 ,  -1151.8631309993 ,  -1151.9148757000   ,    0.0000000000  ,  1556.0186707714  ,     0.0000000000
    360.00   ,    0.0520485659 ,  -1151.8621367941 ,  -1151.9141853600   ,    0.0000000000  ,  1565.1562245317  ,     0.0000000000
    400.00   ,    0.0585080593 ,  -1151.8642307807 ,  -1151.9227388400   ,    0.0000000000  ,  1759.4001203835  ,     0.0000000000
    440.00   ,    0.0637746481 ,  -1151.8638140719 ,  -1151.9275887200   ,    0.0000000000  ,  1917.7720982572  ,     0.0000000000
    480.00   ,    0.0565822240 ,  -1151.8617299060 ,  -1151.9183121300   ,    0.0000000000  ,  1701.4881883832  ,     0.0000000000
    520.00   ,    0.0495129035 ,  -1151.8628183465 ,  -1151.9123312500   ,    0.0000000000  ,  1488.9061335095  ,     0.0000000000
    560.00   ,    0.0497212629 ,  -1151.8636668271 ,  -1151.9133880900   ,    0.0000000000  ,  1495.1717256225  ,     0.0000000000
    600.00   ,    0.0507847190 ,  -1151.8630293110 ,  -1151.9138140300   ,    0.0000000000  ,  1527.1509907757  ,     0.0000000000
    640.00   ,    0.0502286260 ,  -1151.8631752240 ,  -1151.9134038500   ,    0.0000000000  ,  1510.4286770442  ,     0.0000000000
    680.00   ,    0.0476964209 ,  -1151.8634799191 ,  -1151.9111763400   ,    0.0000000000  ,  1434.2825534822  ,     0.0000000000
    720.00   ,    0.0429344331 ,  -1151.8621287669 ,  -1151.9050632000   ,    0.0000000000  ,  1291.0844707957  ,     0.0000000000
    760.00   ,    0.0444565030 ,  -1151.8636474270 ,  -1151.9081039300   ,    0.0000000000  ,  1336.8547454108  ,     0.0000000000
    800.00   ,    0.0489961844 ,  -1151.8642398356 ,  -1151.9132360200   ,    0.0000000000  ,  1473.3678366630  ,     0.0000000000
    840.00   ,    0.0429266341 ,  -1151.8618253159 ,  -1151.9047519500   ,    0.0000000000  ,  1290.8499457367  ,     0.0000000000
    880.00   ,    0.0357059771 ,  -1151.8625088729 ,  -1151.8982148500   ,    0.0000000000  ,  1073.7170421160  ,     0.0000000000
    920.00   ,    0.0365637180 ,  -1151.8637426320 ,  -1151.9003063500   ,    0.0000000000  ,  1099.5102319713  ,     0.0000000000
    960.00   ,    0.0399124370 ,  -1151.8630309230 ,  -1151.9029433600   ,    0.0000000000  ,  1200.2098065949  ,     0.0000000000
   1000.00   ,    0.0421531119 ,  -1151.8631899581 ,  -1151.9053430700   ,    0.0000000000  ,  1267.5893042275  ,     0.0000000000
   1040.00   ,    0.0426656107 ,  -1151.8636206793 ,  -1151.9062862900   ,    0.0000000000  ,  1283.0006923143  ,     0.0000000000
   1080.00   ,    0.0402618006 ,  -1151.8620378894 ,  -1151.9022996900   ,    0.0000000000  ,  1210.7155454878  ,     0.0000000000
   1120.00   ,    0.0440952425 ,  -1151.8636271075 ,  -1151.9077223500   ,    0.0000000000  ,  1325.9912565589  ,     0.0000000000
   1160.00   ,    0.0522948864 ,  -1151.8643753836 ,  -1151.9166702700   ,    0.0000000000  ,  1572.5633458309  ,     0.0000000000
   1200.00   ,    0.0495855818 ,  -1151.8618711382 ,  -1151.9114567200   ,    0.0000000000  ,  1491.0916498915  ,     0.0000000000
   1240.00   ,    0.0441516338 ,  -1151.8623283262 ,  -1151.9064799600   ,    0.0000000000  ,  1327.6870035018  ,     0.0000000000
   1280.00   ,    0.0466158747 ,  -1151.8638879153 ,  -1151.9105037900   ,    0.0000000000  ,  1401.7893694156  ,     0.0000000000
   1320.00   ,    0.0519581975 ,  -1151.8629636925 ,  -1151.9149218900   ,    0.0000000000  ,  1562.4387489321  ,     0.0000000000
   1360.00   ,    0.0558291585 ,  -1151.8632379315 ,  -1151.9190670900   ,    0.0000000000  ,  1678.8427005898  ,     0.0000000000
   1400.00   ,    0.0569582091 ,  -1151.8637382109 ,  -1151.9206964200   ,    0.0000000000  ,  1712.7944622706  ,     0.0000000000
   1440.00   ,    0.0528881137 ,  -1151.8618788163 ,  -1151.9147669300   ,    0.0000000000  ,  1590.4023266500  ,     0.0000000000
   1480.00   ,    0.0548692661 ,  -1151.8633515439 ,  -1151.9182208100   ,    0.0000000000  ,  1649.9777053065  ,     0.0000000000
   1520.00   ,    0.0628935864 ,  -1151.8646755536 ,  -1151.9275691400   ,    0.0000000000  ,  1891.2776258738  ,     0.0000000000
   1560.00   ,    0.0595808909 ,  -1151.8619991991 ,  -1151.9215800900   ,    0.0000000000  ,  1791.6613185384  ,     0.0000000000
   1600.00   ,    0.0506729972 ,  -1151.8621669128 ,  -1151.9128399100   ,    0.0000000000  ,  1523.7913980613  ,     0.0000000000
   1640.00   ,    0.0485991115 ,  -1151.8636788885 ,  -1151.9122780000   ,    0.0000000000  ,  1461.4274272633  ,     0.0000000000
   1680.00   ,    0.0501756369 ,  -1151.8629722831 ,  -1151.9131479200   ,    0.0000000000  ,  1508.8352380201  ,     0.0000000000
   1720.00   ,    0.0517262284 ,  -1151.8633137416 ,  -1151.9150399700   ,    0.0000000000  ,  1555.4631880540  ,     0.0000000000
   1760.00   ,    0.0506950892 ,  -1151.8637546008 ,  -1151.9144496900   ,    0.0000000000  ,  1524.4557268614  ,     0.0000000000
   1800.00   ,    0.0439292245 ,  -1151.8618302755 ,  -1151.9057595000   ,    0.0000000000  ,  1320.9989145876  ,     0.0000000000
   1840.00   ,    0.0442385183 ,  -1151.8631619317 ,  -1151.9074004500   ,    0.0000000000  ,  1330.2997125356  ,     0.0000000000
   1880.00   ,    0.0527326282 ,  -1151.8649619818 ,  -1151.9176946100   ,    0.0000000000  ,  1585.7267113372  ,     0.0000000000
   1920.00   ,    0.0505224723 ,  -1151.8621502077 ,  -1151.9126726800   ,    0.0000000000  ,  1519.2649530485  ,     0.0000000000
   1960.00   ,    0.0413437161 ,  -1151.8619849639 ,  -1151.9033286800   ,    0.0000000000  ,  1243.2499041845  ,     0.0000000000
   2000.00   ,    0.0396855777 ,  -1151.8635689123 ,  -1151.9032544900   ,    0.0000000000  ,  1193.3879025306  ,     0.0000000000
   2040.00   ,    0.0444536633 ,  -1151.8630990567 ,  -1151.9075527200   ,    0.0000000000  ,  1336.7693542147  ,     0.0000000000
   2080.00   ,    0.0500782287 ,  -1151.8635410613 ,  -1151.9136192900   ,    0.0000000000  ,  1505.9060702490  ,     0.0000000000
   2120.00   ,    0.0511144296 ,  -1151.8636838204 ,  -1151.9147982500   ,    0.0000000000  ,  1537.0657424112  ,     0.0000000000
   2160.00   ,    0.0454459143 ,  -1151.8614643257 ,  -1151.9069102400   ,    0.0000000000  ,  1366.6074041267  ,     0.0000000000
   2200.00   ,    0.0492405842 ,  -1151.8636887358 ,  -1151.9129293200   ,    0.0000000000  ,  1480.7171997456  ,     0.0000000000
   2240.00   ,    0.0619886808 ,  -1151.8648969292 ,  -1151.9268856100   ,    0.0000000000  ,  1864.0661438420  ,     0.0000000000
   2280.00   ,    0.0609401826 ,  -1151.8620936974 ,  -1151.9230338800   ,    0.0000000000  ,  1832.5366784154  ,     0.0000000000
   2320.00   ,    0.0511647766 ,  -1151.8617917234 ,  -1151.9129565000   ,    0.0000000000  ,  1538.5797325930  ,     0.0000000000
   2360.00   ,    0.0494718588 ,  -1151.8635273912 ,  -1151.9129992500   ,    0.0000000000  ,  1487.6718754426  ,     0.0000000000
   2400.00   ,    0.0554107682 ,  -1151.8634755118 ,  -1151.9188862800   ,    0.0000000000  ,  1666.2612541351  ,     0.0000000000
   2440.00   ,    0.0597412196 ,  -1151.8636315904 ,  -1151.9233728100   ,    0.0000000000  ,  1796.4825735005  ,     0.0000000000
   2480.00   ,    0.0547597504 ,  -1151.8634023296 ,  -1151.9181620800   ,    0.0000000000  ,  1646.6844495204  ,     0.0000000000
   2520.00   ,    0.0431909498 ,  -1151.8609451002 ,  -1151.9041360500   ,    0.0000000000  ,  1298.7982048051  ,     0.0000000000
   2560.00   ,    0.0446201316 ,  -1151.8643668884 ,  -1151.9089870200   ,    0.0000000000  ,  1341.7752333530  ,     0.0000000000
   2600.00   ,    0.0545221604 ,  -1151.8644006196 ,  -1151.9189227800   ,    0.0000000000  ,  1639.5398658560  ,     0.0000000000
   2640.00   ,    0.0479951042 ,  -1151.8622098658 ,  -1151.9102049700   ,    0.0000000000  ,  1443.2642797722  ,     0.0000000000
   2680.00   ,    0.0334959678 ,  -1151.8615059722 ,  -1151.8950019400   ,    0.0000000000  ,  1007.2596922105  ,     0.0000000000
   2720.00   ,    0.0294553700 ,  -1151.8633590100 ,  -1151.8928143800   ,    0.0000000000  ,   885.7545820557  ,     0.0000000000
   2760.00   ,    0.0360640028 ,  -1151.8638985572 ,  -1151.8999625600   ,    0.0000000000  ,  1084.4832609763  ,     0.0000000000
   2800.00   ,    0.0404745765 ,  -1151.8636148435 ,  -1151.9040894200   ,    0.0000000000  ,  1217.1139441731  ,     0.0000000000
   2840.00   ,    0.0330318188 ,  -1151.8631333112 ,  -1151.8961651300   ,    0.0000000000  ,   993.3022349904  ,     0.0000000000
   2880.00   ,    0.0215089691 ,  -1151.8605790509 ,  -1151.8820880200   ,    0.0000000000  ,   646.7977806857  ,     0.0000000000
   2920.00   ,    0.0266037884 ,  -1151.8655339916 ,  -1151.8921377800   ,    0.0000000000  ,   800.0044620902  ,     0.0000000000
   2960.00   ,    0.0411979420 ,  -1151.8633480080 ,  -1151.9045459500   ,    0.0000000000  ,  1238.8663203922  ,     0.0000000000
   3000.00   ,    0.0359213880 ,  -1151.8621904920 ,  -1151.8981118800   ,    0.0000000000  ,  1080.1946815819  ,     0.0000000000
   3040.00   ,    0.0232235941 ,  -1151.8612620259 ,  -1151.8844856200   ,    0.0000000000  ,   698.3583929898  ,     0.0000000000
   3080.00   ,    0.0225001049 ,  -1151.8633464551 ,  -1151.8858465600   ,    0.0000000000  ,   676.6022976164  ,     0.0000000000
   3120.00   ,    0.0347527568 ,  -1151.8641984732 ,  -1151.8989512300   ,    0.0000000000  ,  1045.0526870278  ,     0.0000000000
   3160.00   ,    0.0436460581 ,  -1151.8634628819 ,  -1151.9071089400   ,    0.0000000000  ,  1312.4837992906  ,     0.0000000000
   3200.00   ,    0.0378905685 ,  -1151.8630437715 ,  -1151.9009343400   ,    0.0000000000  ,  1139.4100514215  ,     0.0000000000
   3240.00   ,    0.0276567236 ,  -1151.8603169064 ,  -1151.8879736300   ,    0.0000000000  ,   831.6673541966  ,     0.0000000000
   3280.00   ,    0.0350356943 ,  -1151.8659070257 ,  -1151.9009427200   ,    0.0000000000  ,  1053.5609190261  ,     0.0000000000
   3320.00   ,    0.0519703240 ,  -1151.8632404360 ,  -1151.9152107600   ,    0.0000000000  ,  1562.8034049446  ,     0.0000000000
   3360.00   ,    0.0472414498 ,  -1151.8621250802 ,  -1151.9093665300   ,    0.0000000000  ,  1420.6010844802  ,     0.0000000000
   3400.00   ,    0.0337220660 ,  -1151.8612670740 ,  -1151.8949891400   ,    0.0000000000  ,  1014.0587070431  ,     0.0000000000
   3440.00   ,    0.0316743666 ,  -1151.8631527234 ,  -1151.8948270900   ,    0.0000000000  ,   952.4821886419  ,     0.0000000000
   3480.00   ,    0.0427754552 ,  -1151.8643761148 ,  -1151.9071515700   ,    0.0000000000  ,  1286.3038336468  ,     0.0000000000
   3520.00   ,    0.0504453537 ,  -1151.8634850163 ,  -1151.9139303700   ,    0.0000000000  ,  1516.9459139185  ,     0.0000000000
   3560.00   ,    0.0426016036 ,  -1151.8633409264 ,  -1151.9059425300   ,    0.0000000000  ,  1281.0759324243  ,     0.0000000000
   3600.00   ,    0.0273402832 ,  -1151.8603356468 ,  -1151.8876759300   ,    0.0000000000  ,   822.1516505441  ,     0.0000000000
   3640.00   ,    0.0299250657 ,  -1151.8650421343 ,  -1151.8949672000   ,    0.0000000000  ,   899.8788331732  ,     0.0000000000
   3680.00   ,    0.0444103832 ,  -1151.8639012868 ,  -1151.9083116700   ,    0.0000000000  ,  1335.4678736955  ,     0.0000000000
   3720.00   ,    0.0387487949 ,  -1151.8620781451 ,  -1151.9008269400   ,    0.0000000000  ,  1165.2178379891  ,     0.0000000000
   3760.00   ,    0.0224746217 ,  -1151.8612312883 ,  -1151.8837059100   ,    0.0000000000  ,   675.8359900976  ,     0.0000000000
   3800.00   ,    0.0167588469 ,  -1151.8624868531 ,  -1151.8792457000   ,    0.0000000000  ,   503.9565069742  ,     0.0000000000
   3840.00   ,    0.0250276738 ,  -1151.8645437962 ,  -1151.8895714700   ,    0.0000000000  ,   752.6090055376  ,     0.0000000000
   3880.00   ,    0.0348987878 ,  -1151.8632221422 ,  -1151.8981209300   ,    0.0000000000  ,  1049.4439937392  ,     0.0000000000
   3920.00   ,    0.0320192813 ,  -1151.8637091587 ,  -1151.8957284400   ,    0.0000000000  ,   962.8541447441  ,     0.0000000000
   3960.00   ,    0.0195470680 ,  -1151.8607973320 ,  -1151.8803444000   ,    0.0000000000  ,   587.8013087051  ,     0.0000000000
   4000.00   ,    0.0234792053 ,  -1151.8638773347 ,  -1151.8873565400   ,    0.0000000000  ,   706.0448973359  ,     0.0000000000
   4040.00   ,    0.0442605996 ,  -1151.8649128304 ,  -1151.9091734300   ,    0.0000000000  ,  1330.9637207239  ,     0.0000000000
   4080.00   ,    0.0483887945 ,  -1151.8619229655 ,  -1151.9103117600   ,    0.0000000000  ,  1455.1029706461  ,     0.0000000000
   4120.00   ,    0.0373693676 ,  -1151.8615733724 ,  -1151.8989427400   ,    0.0000000000  ,  1123.7369791171  ,     0.0000000000
   4160.00   ,    0.0329996164 ,  -1151.8622196536 ,  -1151.8952192700   ,    0.0000000000  ,   992.3338736233  ,     0.0000000000
   4200.00   ,    0.0429347736 ,  -1151.8644273764 ,  -1151.9073621500   ,    0.0000000000  ,  1291.0947107839  ,     0.0000000000
   4240.00   ,    0.0568520205 ,  -1151.8633676295 ,  -1151.9202196500   ,    0.0000000000  ,  1709.6012578970  ,     0.0000000000
   4280.00   ,    0.0587663527 ,  -1151.8639787773 ,  -1151.9227451300   ,    0.0000000000  ,  1767.1672822516  ,     0.0000000000
   4320.00   ,    0.0458707901 ,  -1151.8613723899 ,  -1151.9072431800   ,    0.0000000000  ,  1379.3838780919  ,     0.0000000000
   4360.00   ,    0.0433503667 ,  -1151.8619994033 ,  -1151.9053497700   ,    0.0000000000  ,  1303.5920418830  ,     0.0000000000
   4400.00   ,    0.0589154625 ,  -1151.8666518175 ,  -1151.9255672800   ,    0.0000000000  ,  1771.6511724982  ,     0.0000000000
   4440.00   ,    0.0632949836 ,  -1151.8620652664 ,  -1151.9253602500   ,    0.0000000000  ,  1903.3480703453  ,     0.0000000000
   4480.00   ,    0.0479148908 ,  -1151.8617294192 ,  -1151.9096443100   ,    0.0000000000  ,  1440.8521770615  ,     0.0000000000
   4520.00   ,    0.0359110433 ,  -1151.8616338367 ,  -1151.8975448800   ,    0.0000000000  ,  1079.8836028423  ,     0.0000000000
   4560.00   ,    0.0394486123 ,  -1151.8642918877 ,  -1151.9037405000   ,    0.0000000000  ,  1186.2621002660  ,     0.0000000000
   4600.00   ,    0.0515195499 ,  -1151.8635958001 ,  -1151.9151153500   ,    0.0000000000  ,  1549.2481453966  ,     0.0000000000
   4640.00   ,    0.0545276421 ,  -1151.8640473479 ,  -1151.9185749900   ,    0.0000000000  ,  1639.7047037684  ,     0.0000000000
   4680.00   ,    0.0406106912 ,  -1151.8621640988 ,  -1151.9027747900   ,    0.0000000000  ,  1221.2070574012  ,     0.0000000000
   4720.00   ,    0.0324213273 ,  -1151.8602011027 ,  -1151.8926224300   ,    0.0000000000  ,   974.9440990691  ,     0.0000000000
   4760.00   ,    0.0458045739 ,  -1151.8683685561 ,  -1151.9141731300   ,    0.0000000000  ,  1377.3926857889  ,     0.0000000000
   4800.00   ,    0.0569194248 ,  -1151.8617948552 ,  -1151.9187142800   ,    0.0000000000  ,  1711.6281771246  ,     0.0000000000
   4840.00   ,    0.0433073521 ,  -1151.8617446079 ,  -1151.9050519600   ,    0.0000000000  ,  1302.2985466560  ,     0.0000000000
   4880.00   ,    0.0301918732 ,  -1151.8611866868 ,  -1151.8913785600   ,    0.0000000000  ,   907.9020225172  ,     0.0000000000
   4920.00   ,    0.0335836274 ,  -1151.8641954226 ,  -1151.8977790500   ,    0.0000000000  ,  1009.8957091195  ,     0.0000000000
   4960.00   ,    0.0496047774 ,  -1151.8636426126 ,  -1151.9132473900   ,    0.0000000000  ,  1491.6688816388  ,     0.0000000000
   5000.00   ,    0.0585949567 ,  -1151.8640042433 ,  -1151.9225992000   ,    0.0000000000  ,  1762.0132204315  ,     0.0000000000
   5040.00   ,    0.0491678181 ,  -1151.8629745319 ,  -1151.9121423500   ,    0.0000000000  ,  1478.5290466508  ,     0.0000000000
   5080.00   ,    0.0387930298 ,  -1151.8588291302 ,  -1151.8976221600   ,    0.0000000000  ,  1166.5480296591  ,     0.0000000000
   5120.00   ,    0.0526650526 ,  -1151.8693515174 ,  -1151.9220165700   ,    0.0000000000  ,  1583.6946406221  ,     0.0000000000
   5160.00   ,    0.0719139860 ,  -1151.8615299040 ,  -1151.9334438900   ,    0.0000000000  ,  2162.5307225628  ,     0.0000000000
   5200.00   ,    0.0610690897 ,  -1151.8618050703 ,  -1151.9228741600   ,    0.0000000000  ,  1836.4130528063  ,     0.0000000000
   5240.00   ,    0.0461667790 ,  -1151.8610792810 ,  -1151.9072460600   ,    0.0000000000  ,  1388.2845793643  ,     0.0000000000
   5280.00   ,    0.0466248618 ,  -1151.8636706882 ,  -1151.9102955500   ,    0.0000000000  ,  1402.0596217390  ,     0.0000000000
   5320.00   ,    0.0617629425 ,  -1151.8640217375 ,  -1151.9257846800   ,    0.0000000000  ,  1857.2779526260  ,     0.0000000000
   5360.00   ,    0.0732769912 ,  -1151.8637328988 ,  -1151.9370098900   ,    0.0000000000  ,  2203.5177509784  ,     0.0000000000
   5400.00   ,    0.0669676065 ,  -1151.8641187235 ,  -1151.9310863300   ,    0.0000000000  ,  2013.7877833830  ,     0.0000000000
   5440.00   ,    0.0479133572 ,  -1151.8585621628 ,  -1151.9064755200   ,    0.0000000000  ,  1440.8060609450  ,     0.0000000000
   5480.00   ,    0.0527656389 ,  -1151.8670459211 ,  -1151.9198115600   ,    0.0000000000  ,  1586.7193775589  ,     0.0000000000
   5520.00   ,    0.0729849112 ,  -1151.8632616188 ,  -1151.9362465300   ,    0.0000000000  ,  2194.7345901809  ,     0.0000000000
   5560.00   ,    0.0636012255 ,  -1151.8617954445 ,  -1151.9253966700   ,    0.0000000000  ,  1912.5570935466  ,     0.0000000000
   5600.00   ,    0.0418830192 ,  -1151.8609588108 ,  -1151.9028418300   ,    0.0000000000  ,  1259.4673265553  ,     0.0000000000
   5640.00   ,    0.0326739537 ,  -1151.8624666263 ,  -1151.8951405800   ,    0.0000000000  ,   982.5408453039  ,     0.0000000000
   5680.00   ,    0.0413234210 ,  -1151.8645101190 ,  -1151.9058335400   ,    0.0000000000  ,  1242.6396095692  ,     0.0000000000
   5720.00   ,    0.0538409180 ,  -1151.8632657120 ,  -1151.9171066300   ,    0.0000000000  ,  1619.0541744273  ,     0.0000000000
   5760.00   ,    0.0546248343 ,  -1151.8644835057 ,  -1151.9191083400   ,    0.0000000000  ,  1642.6273777724  ,     0.0000000000
   5800.00   ,    0.0356707604 ,  -1151.8616744796 ,  -1151.8973452400   ,    0.0000000000  ,  1072.6580402622  ,     0.0000000000
   5840.00   ,    0.0297852029 ,  -1151.8599919171 ,  -1151.8897771200   ,    0.0000000000  ,   895.6730098047  ,     0.0000000000
   5880.00   ,    0.0507570043 ,  -1151.8704481657 ,  -1151.9212051700   ,    0.0000000000  ,  1526.3175810739  ,     0.0000000000
   5920.00   ,    0.0636319489 ,  -1151.8609769711 ,  -1151.9246089200   ,    0.0000000000  ,  1913.4809782601  ,     0.0000000000
   5960.00   ,    0.0448237467 ,  -1151.8609812933 ,  -1151.9058050400   ,    0.0000000000  ,  1347.8981583452  ,     0.0000000000
   6000.00   ,    0.0309354659 ,  -1151.8610543641 ,  -1151.8919898300   ,    0.0000000000  ,   930.2626532129  ,     0.0000000000
   6040.00   ,    0.0372889410 ,  -1151.8649445590 ,  -1151.9022335000   ,    0.0000000000  ,  1121.3184675571  ,     0.0000000000
   6080.00   ,    0.0547783990 ,  -1151.8631255010 ,  -1151.9179039000   ,    0.0000000000  ,  1647.2452332748  ,     0.0000000000
   6120.00   ,    0.0626539214 ,  -1151.8638173286 ,  -1151.9264712500   ,    0.0000000000  ,  1884.0706417017  ,     0.0000000000
   6160.00   ,    0.0523577626 ,  -1151.8639728774 ,  -1151.9163306400   ,    0.0000000000  ,  1574.4540994601  ,     0.0000000000
   6200.00   ,    0.0355513210 ,  -1151.8576380690 ,  -1151.8931893900   ,    0.0000000000  ,  1069.0663695103  ,     0.0000000000
   6240.00   ,    0.0476311204 ,  -1151.8709184496 ,  -1151.9185495700   ,    0.0000000000  ,  1432.3188989296  ,     0.0000000000
   6280.00   ,    0.0718323776 ,  -1151.8609249024 ,  -1151.9327572800   ,    0.0000000000  ,  2160.0766685010  ,     0.0000000000
   6320.00   ,    0.0554041675 ,  -1151.8611949225 ,  -1151.9165990900   ,    0.0000000000  ,  1666.0627632068  ,     0.0000000000
   6360.00   ,    0.0333385249 ,  -1151.8603255951 ,  -1151.8936641200   ,    0.0000000000  ,  1002.5252155630  ,     0.0000000000
   6400.00   ,    0.0305577120 ,  -1151.8638084080 ,  -1151.8943661200   ,    0.0000000000  ,   918.9031871097  ,     0.0000000000
   6440.00   ,    0.0445855461 ,  -1151.8639107739 ,  -1151.9084963200   ,    0.0000000000  ,  1340.7352092180  ,     0.0000000000
   6480.00   ,    0.0555982479 ,  -1151.8629984621 ,  -1151.9185967100   ,    0.0000000000  ,  1671.8989702221  ,     0.0000000000
   6520.00   ,    0.0546615540 ,  -1151.8648470560 ,  -1151.9195086100   ,    0.0000000000  ,  1643.7315800394  ,     0.0000000000
   6560.00   ,    0.0342243178 ,  -1151.8608073622 ,  -1151.8950316800   ,    0.0000000000  ,  1029.1619572901  ,     0.0000000000
   6600.00   ,    0.0326937075 ,  -1151.8618116725 ,  -1151.8945053800   ,    0.0000000000  ,   983.1348631932  ,     0.0000000000
   6640.00   ,    0.0558346833 ,  -1151.8683886067 ,  -1151.9242232900   ,    0.0000000000  ,  1679.0088358195  ,     0.0000000000
   6680.00   ,    0.0561356362 ,  -1151.8614455438 ,  -1151.9175811800   ,    0.0000000000  ,  1688.0588133594  ,     0.0000000000
   6720.00   ,    0.0312216923 ,  -1151.8598362877 ,  -1151.8910579800   ,    0.0000000000  ,   938.8697865946  ,     0.0000000000
   6760.00   ,    0.0211978586 ,  -1151.8624798014 ,  -1151.8836776600   ,    0.0000000000  ,   637.4423543395  ,     0.0000000000
   6800.00   ,    0.0296757169 ,  -1151.8645524931 ,  -1151.8942282100   ,    0.0000000000  ,   892.3806477399  ,     0.0000000000
   6840.00   ,    0.0411599109 ,  -1151.8624322291 ,  -1151.9035921400   ,    0.0000000000  ,  1237.7226843124  ,     0.0000000000
   6880.00   ,    0.0470437219 ,  -1151.8645297281 ,  -1151.9115734500   ,    0.0000000000  ,  1414.6551958334  ,     0.0000000000
   6920.00   ,    0.0359568139 ,  -1151.8644322561 ,  -1151.9003890700   ,    0.0000000000  ,  1081.2599736457  ,     0.0000000000
   6960.00   ,    0.0197504115 ,  -1151.8564976985 ,  -1151.8762481100   ,    0.0000000000  ,   593.9160664300  ,     0.0000000000
   7000.00   ,    0.0333446662 ,  -1151.8778088838 ,  -1151.9111535500   ,    0.0000000000  ,  1002.7098913773  ,     0.0000000000
   7040.00   ,    0.0648855786 ,  -1151.8571908614 ,  -1151.9220764400   ,    0.0000000000  ,  1951.1789694703  ,     0.0000000000
   7080.00   ,    0.0389411953 ,  -1151.8581567947 ,  -1151.8970979900   ,    0.0000000000  ,  1171.0035257491  ,     0.0000000000
   7120.00   ,    0.0210037909 ,  -1151.8604993891 ,  -1151.8815031800   ,    0.0000000000  ,   631.6065275819  ,     0.0000000000
   7160.00   ,    0.0233754214 ,  -1151.8650317686 ,  -1151.8884071900   ,    0.0000000000  ,   702.9240033168  ,     0.0000000000
   7200.00   ,    0.0352240816 ,  -1151.8622377384 ,  -1151.8974618200   ,    0.0000000000  ,  1059.2259278144  ,     0.0000000000
   7240.00   ,    0.0455406017 ,  -1151.8638139083 ,  -1151.9093545100   ,    0.0000000000  ,  1369.4547581038  ,     0.0000000000
   7280.00   ,    0.0491131228 ,  -1151.8655297172 ,  -1151.9146428400   ,    0.0000000000  ,  1476.8843010535  ,     0.0000000000
   7320.00   ,    0.0286210647 ,  -1151.8599371153 ,  -1151.8885581800   ,    0.0000000000  ,   860.6661255287  ,     0.0000000000
   7360.00   ,    0.0338439094 ,  -1151.8635500706 ,  -1151.8973939800   ,    0.0000000000  ,  1017.7226708315  ,     0.0000000000
   7400.00   ,    0.0650212189 ,  -1151.8672350411 ,  -1151.9322562600   ,    0.0000000000  ,  1955.2578192969  ,     0.0000000000
   7440.00   ,    0.0566287075 ,  -1151.8598903725 ,  -1151.9165190800   ,    0.0000000000  ,  1702.8859968004  ,     0.0000000000
   7480.00   ,    0.0318428476 ,  -1151.8595619224 ,  -1151.8914047700   ,    0.0000000000  ,   957.5485936872  ,     0.0000000000
   7520.00   ,    0.0264707654 ,  -1151.8643188246 ,  -1151.8907895900   ,    0.0000000000  ,   796.0043190090  ,     0.0000000000
   7560.00   ,    0.0345152344 ,  -1151.8629247856 ,  -1151.8974400200   ,    0.0000000000  ,  1037.9101334344  ,     0.0000000000
   7600.00   ,    0.0438668932 ,  -1151.8629399468 ,  -1151.9068068400   ,    0.0000000000  ,  1319.1245457238  ,     0.0000000000
   7640.00   ,    0.0545299079 ,  -1151.8645628321 ,  -1151.9190927400   ,    0.0000000000  ,  1639.7728388266  ,     0.0000000000
   7680.00   ,    0.0483322702 ,  -1151.8652200798 ,  -1151.9135523500   ,    0.0000000000  ,  1453.4032232161  ,     0.0000000000
   7720.00   ,    0.0316727654 ,  -1151.8551559146 ,  -1151.8868286800   ,    0.0000000000  ,   952.4340387706  ,     0.0000000000
   7760.00   ,    0.0468824221 ,  -1151.8784098679 ,  -1151.9252922900   ,    0.0000000000  ,  1409.8047375863  ,     0.0000000000
   7800.00   ,    0.0738743797 ,  -1151.8580869103 ,  -1151.9319612900   ,    0.0000000000  ,  2221.4818641269  ,     0.0000000000
   7840.00   ,    0.0448677587 ,  -1151.8571355813 ,  -1151.9020033400   ,    0.0000000000  ,  1349.2216451283  ,     0.0000000000
   7880.00   ,    0.0291746271 ,  -1151.8625922329 ,  -1151.8917668600   ,    0.0000000000  ,   877.3123396798  ,     0.0000000000
   7920.00   ,    0.0312901505 ,  -1151.8638807595 ,  -1151.8951709100   ,    0.0000000000  ,   940.9283981139  ,     0.0000000000
   7960.00   ,    0.0358934861 ,  -1151.8623289539 ,  -1151.8982224400   ,    0.0000000000  ,  1079.3556391321  ,     0.0000000000
   8000.00   ,    0.0448626870 ,  -1151.8633728230 ,  -1151.9082355100   ,    0.0000000000  ,  1349.0691361603  ,     0.0000000000
   8040.00   ,    0.0563478864 ,  -1151.8654221936 ,  -1151.9217700800   ,    0.0000000000  ,  1694.4414053505  ,     0.0000000000
   8080.00   ,    0.0446287385 ,  -1151.8635559515 ,  -1151.9081846900   ,    0.0000000000  ,  1342.0340525973  ,     0.0000000000
   8120.00   ,    0.0383132545 ,  -1151.8565669255 ,  -1151.8948801800   ,    0.0000000000  ,  1152.1206718359  ,     0.0000000000
   8160.00   ,    0.0575296666 ,  -1151.8768137334 ,  -1151.9343434000   ,    0.0000000000  ,  1729.9788028676  ,     0.0000000000
   8200.00   ,    0.0637831591 ,  -1151.8592079109 ,  -1151.9229910700   ,    0.0000000000  ,  1918.0280332315  ,     0.0000000000
   8240.00   ,    0.0422459291 ,  -1151.8604747109 ,  -1151.9027206400   ,    0.0000000000  ,  1270.3804170106  ,     0.0000000000
   8280.00   ,    0.0340532006 ,  -1151.8640998194 ,  -1151.8981530200   ,    0.0000000000  ,  1024.0162795587  ,     0.0000000000
   8320.00   ,    0.0310840492 ,  -1151.8624313708 ,  -1151.8935154200   ,    0.0000000000  ,   934.7307131535  ,     0.0000000000
   8360.00   ,    0.0335519963 ,  -1151.8625775937 ,  -1151.8961295900   ,    0.0000000000  ,  1008.9445308386  ,     0.0000000000
   8400.00   ,    0.0491854185 ,  -1151.8640546215 ,  -1151.9132400400   ,    0.0000000000  ,  1479.0583097621  ,     0.0000000000
   8440.00   ,    0.0659893291 ,  -1151.8660691509 ,  -1151.9320584800   ,    0.0000000000  ,  1984.3699318229  ,     0.0000000000
   8480.00   ,    0.0500497810 ,  -1151.8623154690 ,  -1151.9123652500   ,    0.0000000000  ,  1505.0506170193  ,     0.0000000000
   8520.00   ,    0.0409013920 ,  -1151.8587798080 ,  -1151.8996812000   ,    0.0000000000  ,  1229.9487452785  ,     0.0000000000
   8560.00   ,    0.0572634795 ,  -1151.8704854505 ,  -1151.9277489300   ,    0.0000000000  ,  1721.9742703179  ,     0.0000000000
   8600.00   ,    0.0617010486 ,  -1151.8606006014 ,  -1151.9223016500   ,    0.0000000000  ,  1855.4167345912  ,     0.0000000000
   8640.00   ,    0.0459709544 ,  -1151.8624963456 ,  -1151.9084673000   ,    0.0000000000  ,  1382.3959246720  ,     0.0000000000
   8680.00   ,    0.0283448948 ,  -1151.8618304152 ,  -1151.8901753100   ,    0.0000000000  ,   852.3613993875  ,     0.0000000000
   8720.00   ,    0.0193541218 ,  -1151.8621940982 ,  -1151.8815482200   ,    0.0000000000  ,   581.9992098405  ,     0.0000000000
   8760.00   ,    0.0279063012 ,  -1151.8635084388 ,  -1151.8914147400   ,    0.0000000000  ,   839.1724208838  ,     0.0000000000
   8800.00   ,    0.0524512469 ,  -1151.8641926131 ,  -1151.9166438600   ,    0.0000000000  ,  1577.2652723973  ,     0.0000000000
   8840.00   ,    0.0687979416 ,  -1151.8667585684 ,  -1151.9355565100   ,    0.0000000000  ,  2068.8279222573  ,     0.0000000000
   8880.00   ,    0.0388011274 ,  -1151.8611401426 ,  -1151.8999412700   ,    0.0000000000  ,  1166.7915344817  ,     0.0000000000
   8920.00   ,    0.0262042480 ,  -1151.8577141620 ,  -1151.8839184100   ,    0.0000000000  ,   787.9898533133  ,     0.0000000000
   8960.00   ,    0.0529049222 ,  -1151.8772212978 ,  -1151.9301262200   ,    0.0000000000  ,  1590.9077761329  ,     0.0000000000
   9000.00   ,    0.0682816819 ,  -1151.8594478781 ,  -1151.9277295600   ,    0.0000000000  ,  2053.3034410599  ,     0.0000000000
   9040.00   ,    0.0403829307 ,  -1151.8596657993 ,  -1151.9000487300   ,    0.0000000000  ,  1214.3580556555  ,     0.0000000000
   9080.00   ,    0.0193559577 ,  -1151.8610477023 ,  -1151.8804036600   ,    0.0000000000  ,   582.0544161416  ,     0.0000000000
   9120.00   ,    0.0179181240 ,  -1151.8629247860 ,  -1151.8808429100   ,    0.0000000000  ,   538.8172146127  ,     0.0000000000
   9160.00   ,    0.0362901816 ,  -1151.8637624784 ,  -1151.9000526600   ,    0.0000000000  ,  1091.2847005658  ,     0.0000000000
   9200.00   ,    0.0641467646 ,  -1151.8645300754 ,  -1151.9286768400   ,    0.0000000000  ,  1928.9620384609  ,     0.0000000000
   9240.00   ,    0.0726039802 ,  -1151.8664065198 ,  -1151.9390105000   ,    0.0000000000  ,  2183.2795862671  ,     0.0000000000
   9280.00   ,    0.0364099264 ,  -1151.8587052036 ,  -1151.8951151300   ,    0.0000000000  ,  1094.8855548579  ,     0.0000000000
   9320.00   ,    0.0374184821 ,  -1151.8621482579 ,  -1151.8995667400   ,    0.0000000000  ,  1125.2139075615  ,     0.0000000000
   9360.00   ,    0.0768859126 ,  -1151.8695582874 ,  -1151.9464442000   ,    0.0000000000  ,  2312.0418897925  ,     0.0000000000
   9400.00   ,    0.0713982861 ,  -1151.8588629539 ,  -1151.9302612400   ,    0.0000000000  ,  2147.0230707708  ,     0.0000000000
   9440.00   ,    0.0411978815 ,  -1151.8601735585 ,  -1151.9013714400   ,    0.0000000000  ,  1238.8645002353  ,     0.0000000000
   9480.00   ,    0.0255072428 ,  -1151.8621012772 ,  -1151.8876085200   ,    0.0000000000  ,   767.0301596323  ,     0.0000000000
   9520.00   ,    0.0282092075 ,  -1151.8634396425 ,  -1151.8916488500   ,    0.0000000000  ,   848.2811369241  ,     0.0000000000
   9560.00   ,    0.0445779346 ,  -1151.8637305154 ,  -1151.9083084500   ,    0.0000000000  ,  1340.5063233633  ,     0.0000000000
   9600.00   ,    0.0624866090 ,  -1151.8639354610 ,  -1151.9264220700   ,    0.0000000000  ,  1879.0393801329  ,     0.0000000000
   9640.00   ,    0.0708455474 ,  -1151.8635396026 ,  -1151.9343851500   ,    0.0000000000  ,  2130.4016276570  ,     0.0000000000
   9680.00   ,    0.0546633521 ,  -1151.8663677279 ,  -1151.9210310800   ,    0.0000000000  ,  1643.7856506222  ,     0.0000000000
   9720.00   ,    0.0385540559 ,  -1151.8532434341 ,  -1151.8917974900   ,    0.0000000000  ,  1159.3618290790  ,     0.0000000000
   9760.00   ,    0.0534134212 ,  -1151.8813909388 ,  -1151.9348043600   ,    0.0000000000  ,  1606.1988865885  ,     0.0000000000
   9800.00   ,    0.0712764989 ,  -1151.8585962911 ,  -1151.9298727900   ,    0.0000000000  ,  2143.3608013881  ,     0.0000000000
   9840.00   ,    0.0439049931 ,  -1151.8594587069 ,  -1151.9033637000   ,    0.0000000000  ,  1320.2702521159  ,     0.0000000000
   9880.00   ,    0.0268024693 ,  -1151.8618328807 ,  -1151.8886353500   ,    0.0000000000  ,   805.9790090078  ,     0.0000000000
   9920.00   ,    0.0240961964 ,  -1151.8638726736 ,  -1151.8879688700   ,    0.0000000000  ,   724.5984814920  ,     0.0000000000
   9960.00   ,    0.0243077258 ,  -1151.8639816142 ,  -1151.8882893400   ,    0.0000000000  ,   730.9593976764  ,     0.0000000000
  10000.00   ,    0.0179293286 ,  -1151.8619237314 ,  -1151.8798530600   ,    0.0000000000  ,   539.1541475708  ,     0.0000000000
  10040.00   ,    0.0199491645 ,  -1151.8624386955 ,  -1151.8823878600   ,    0.0000000000  ,   599.8927822118  ,     0.0000000000
  10080.00   ,    0.0389246893 ,  -1151.8650131407 ,  -1151.9039378300   ,    0.0000000000  ,  1170.5071741100  ,     0.0000000000
  10120.00   ,    0.0615908231 ,  -1151.8630764069 ,  -1151.9246672300   ,    0.0000000000  ,  1852.1021369798  ,     0.0000000000
  10160.00   ,    0.0616630991 ,  -1151.8669096809 ,  -1151.9285727800   ,    0.0000000000  ,  1854.2755524823  ,     0.0000000000
  10200.00   ,    0.0218528893 ,  -1151.8574540807 ,  -1151.8793069700   ,    0.0000000000  ,   657.1398301616  ,     0.0000000000
  10240.00   ,    0.0281043381 ,  -1151.8680315619 ,  -1151.8961359000   ,    0.0000000000  ,   845.1276015884  ,     0.0000000000
  10280.00   ,    0.0784729800 ,  -1151.8589560200 ,  -1151.9374290000   ,    0.0000000000  ,  2359.7667098577  ,     0.0000000000
  10320.00   ,    0.0661605157 ,  -1151.8596289343 ,  -1151.9257894500   ,    0.0000000000  ,  1989.5176973226  ,     0.0000000000
  10360.00   ,    0.0367003813 ,  -1151.8604550587 ,  -1151.8971554400   ,    0.0000000000  ,  1103.6198452092  ,     0.0000000000
  10400.00   ,    0.0200361620 ,  -1151.8609481480 ,  -1151.8809843100   ,    0.0000000000  ,   602.5088899203  ,     0.0000000000
  10440.00   ,    0.0236457785 ,  -1151.8655757915 ,  -1151.8892215700   ,    0.0000000000  ,   711.0539322860  ,     0.0000000000
  10480.00   ,    0.0343577538 ,  -1151.8620127662 ,  -1151.8963705200   ,    0.0000000000  ,  1033.1745210625  ,     0.0000000000
  10520.00   ,    0.0420461223 ,  -1151.8624961277 ,  -1151.9045422500   ,    0.0000000000  ,  1264.3720113729  ,     0.0000000000
  10560.00   ,    0.0597403657 ,  -1151.8641643543 ,  -1151.9239047200   ,    0.0000000000  ,  1796.4568964367  ,     0.0000000000
  10600.00   ,    0.0725015490 ,  -1151.8676859610 ,  -1151.9401875100   ,    0.0000000000  ,  2180.1993697524  ,     0.0000000000
  10640.00   ,    0.0399128444 ,  -1151.8589295656 ,  -1151.8988424100   ,    0.0000000000  ,  1200.2220576523  ,     0.0000000000
  10680.00   ,    0.0460140192 ,  -1151.8671075908 ,  -1151.9131216100   ,    0.0000000000  ,  1383.6909303298  ,     0.0000000000
  10720.00   ,    0.0854599611 ,  -1151.8618486489 ,  -1151.9473086100   ,    0.0000000000  ,  2569.8727277591  ,     0.0000000000
  10760.00   ,    0.0621796901 ,  -1151.8563739799 ,  -1151.9185536700   ,    0.0000000000  ,  1869.8099987521  ,     0.0000000000
  10800.00   ,    0.0391868567 ,  -1151.8625294833 ,  -1151.9017163400   ,    0.0000000000  ,  1178.3908266057  ,     0.0000000000
  10840.00   ,    0.0287242409 ,  -1151.8630719091 ,  -1151.8917961500   ,    0.0000000000  ,   863.7687456694  ,     0.0000000000
  10880.00   ,    0.0212753642 ,  -1151.8622697058 ,  -1151.8835450700   ,    0.0000000000  ,   639.7730301026  ,     0.0000000000
  10920.00   ,    0.0252500931 ,  -1151.8627163069 ,  -1151.8879664000   ,    0.0000000000  ,   759.2973911871  ,     0.0000000000
  10960.00   ,    0.0473525121 ,  -1151.8640153679 ,  -1151.9113678800   ,    0.0000000000  ,  1423.9408465368  ,     0.0000000000
  11000.00   ,    0.0752740389 ,  -1151.8663972511 ,  -1151.9416712900   ,    0.0000000000  ,  2263.5711164156  ,     0.0000000000
  11040.00   ,    0.0567556883 ,  -1151.8675151217 ,  -1151.9242708100   ,    0.0000000000  ,  1706.7044446579  ,     0.0000000000
  11080.00   ,    0.0213306126 ,  -1151.8479215974 ,  -1151.8692522100   ,    0.0000000000  ,   641.4344080825  ,     0.0000000000
  11120.00   ,    0.0230428597 ,  -1151.9045092503 ,  -1151.9275521100   ,    0.0000000000  ,   692.9235144213  ,     0.0000000000
  11160.00   ,    0.1014367761 ,  -1151.8398176239 ,  -1151.9412544000   ,    0.0000000000  ,  3050.3126956161  ,     0.0000000000
  11200.00   ,    0.0558348480 ,  -1151.8537548320 ,  -1151.9095896800   ,    0.0000000000  ,  1679.0137903445  ,     0.0000000000
  11240.00   ,    0.0172631650 ,  -1151.8570258450 ,  -1151.8742890100   ,    0.0000000000  ,   519.1218951813  ,     0.0000000000
  11280.00   ,    0.0036813740 ,  -1151.8587231860 ,  -1151.8624045600   ,    0.0000000000  ,   110.7028664210  ,     0.0000000000
  11320.00   ,    0.0171541825 ,  -1151.8590815075 ,  -1151.8762356900   ,    0.0000000000  ,   515.8446725155  ,     0.0000000000
  11360.00   ,    0.0379203374 ,  -1151.8693296326 ,  -1151.9072499700   ,    0.0000000000  ,  1140.3052342311  ,     0.0000000000
  11400.00   ,    0.0731144583 ,  -1151.8623985017 ,  -1151.9355129600   ,    0.0000000000  ,  2198.6302129784  ,     0.0000000000
  11440.00   ,    0.0589546038 ,  -1151.8659869162 ,  -1151.9249415200   ,    0.0000000000  ,  1772.8281931706  ,     0.0000000000
  11480.00   ,    0.0139875922 ,  -1151.8522749678 ,  -1151.8662625600   ,    0.0000000000  ,   420.6219057061  ,     0.0000000000
  11520.00   ,    0.0211865985 ,  -1151.9014199315 ,  -1151.9226065300   ,    0.0000000000  ,   637.1037494959  ,     0.0000000000
  11560.00   ,    0.1321604174 ,  -1151.8167275826 ,  -1151.9488880000   ,    0.0000000000  ,  3974.2055560517  ,     0.0000000000
  11600.00   ,    0.0612579754 ,  -1151.8461710846 ,  -1151.9074290600   ,    0.0000000000  ,  1842.0930474657  ,     0.0000000000
  11640.00   ,    0.0195366729 ,  -1151.8547111771 ,  -1151.8742478500   ,    0.0000000000  ,   587.4887180702  ,     0.0000000000
  11680.00   ,    0.0065699202 ,  -1151.8596976098 ,  -1151.8662675300   ,    0.0000000000  ,   197.5645500276  ,     0.0000000000
  11720.00   ,    0.0087040232 ,  -1151.8665213968 ,  -1151.8752254200   ,    0.0000000000  ,   261.7393169611  ,     0.0000000000
  11760.00   ,    0.0293320235 ,  -1151.8599253065 ,  -1151.8892573300   ,    0.0000000000  ,   882.0454180225  ,     0.0000000000
  11800.00   ,    0.0411563751 ,  -1151.8639128049 ,  -1151.9050691800   ,    0.0000000000  ,  1237.6163592711  ,     0.0000000000
  11840.00   ,    0.0665434461 ,  -1151.8636292239 ,  -1151.9301726700   ,    0.0000000000  ,  2001.0328239654  ,     0.0000000000
  11880.00   ,    0.0724852079 ,  -1151.8723371221 ,  -1151.9448223300   ,    0.0000000000  ,  2179.7079758800  ,     0.0000000000
  11920.00   ,    0.0194521908 ,  -1151.8472108492 ,  -1151.8666630400   ,    0.0000000000  ,   584.9482483901  ,     0.0000000000
  11960.00   ,    0.0175589941 ,  -1151.9082740659 ,  -1151.9258330600   ,    0.0000000000  ,   528.0177936794  ,     0.0000000000
  12000.00   ,    0.1374870855 ,  -1151.8093778245 ,  -1151.9468649100   ,    0.0000000000  ,  4134.3841833373  ,     0.0000000000
  12040.00   ,    0.0661385958 ,  -1151.8480367942 ,  -1151.9141753900   ,    0.0000000000  ,  1988.8585424972  ,     0.0000000000
  12080.00   ,    0.0296995759 ,  -1151.8579879841 ,  -1151.8876875600   ,    0.0000000000  ,   893.0981150579  ,     0.0000000000
  12120.00   ,    0.0117804395 ,  -1151.8609555305 ,  -1151.8727359700   ,    0.0000000000  ,   354.2504562503  ,     0.0000000000
  12160.00   ,    0.0057921891 ,  -1151.8622478209 ,  -1151.8680400100   ,    0.0000000000  ,   174.1773402966  ,     0.0000000000
  12200.00   ,    0.0072499168 ,  -1151.8640878232 ,  -1151.8713377400   ,    0.0000000000  ,   218.0127762787  ,     0.0000000000
  12240.00   ,    0.0098483149 ,  -1151.8629052651 ,  -1151.8727535800   ,    0.0000000000  ,   296.1493947108  ,     0.0000000000
  12280.00   ,    0.0086025842 ,  -1151.8627684858 ,  -1151.8713710700   ,    0.0000000000  ,   258.6889359835  ,     0.0000000000
  12320.00   ,    0.0085309590 ,  -1151.8629819110 ,  -1151.8715128700   ,    0.0000000000  ,   256.5350901693  ,     0.0000000000
  12360.00   ,    0.0119500836 ,  -1151.8632677364 ,  -1151.8752178200   ,    0.0000000000  ,   359.3518372343  ,     0.0000000000
  12400.00   ,    0.0171458885 ,  -1151.8633777515 ,  -1151.8805236400   ,    0.0000000000  ,   515.5952643713  ,     0.0000000000
  12440.00   ,    0.0196033755 ,  -1151.8632242545 ,  -1151.8828276300   ,    0.0000000000  ,   589.4945346126  ,     0.0000000000
  12480.00   ,    0.0184553632 ,  -1151.8625420468 ,  -1151.8809974100   ,    0.0000000000  ,   554.9725735065  ,     0.0000000000
  12520.00   ,    0.0195187193 ,  -1151.8631493507 ,  -1151.8826680700   ,    0.0000000000  ,   586.9488329868  ,     0.0000000000
  12560.00   ,    0.0240810972 ,  -1151.8635859528 ,  -1151.8876670500   ,    0.0000000000  ,   724.1444312222  ,     0.0000000000
  12600.00   ,    0.0271796142 ,  -1151.8626487258 ,  -1151.8898283400   ,    0.0000000000  ,   817.3201634904  ,     0.0000000000
  12640.00   ,    0.0318409727 ,  -1151.8625427673 ,  -1151.8943837400   ,    0.0000000000  ,   957.4922126596  ,     0.0000000000
  12680.00   ,    0.0454049431 ,  -1151.8642161069 ,  -1151.9096210500   ,    0.0000000000  ,  1365.3753563287  ,     0.0000000000
  12720.00   ,    0.0553044444 ,  -1151.8671117156 ,  -1151.9224161600   ,    0.0000000000  ,  1663.0639852020  ,     0.0000000000
  12760.00   ,    0.0245552781 ,  -1151.8604872519 ,  -1151.8850425300   ,    0.0000000000  ,   738.4035612691  ,     0.0000000000
  12800.00   ,    0.0253498891 ,  -1151.8621866309 ,  -1151.8875365200   ,    0.0000000000  ,   762.2983644434  ,     0.0000000000
  12840.00   ,    0.0616171562 ,  -1151.8678807238 ,  -1151.9294978800   ,    0.0000000000  ,  1852.8940024297  ,     0.0000000000
  12880.00   ,    0.0619695162 ,  -1151.8592387438 ,  -1151.9212082600   ,    0.0000000000  ,  1863.4898430711  ,     0.0000000000
  12920.00   ,    0.0453940486 ,  -1151.8619208314 ,  -1151.9073148800   ,    0.0000000000  ,  1365.0477491140  ,     0.0000000000
  12960.00   ,    0.0342702653 ,  -1151.8629303147 ,  -1151.8972005800   ,    0.0000000000  ,  1030.5436494194  ,     0.0000000000
  13000.00   ,    0.0269774838 ,  -1151.8629535262 ,  -1151.8899310100   ,    0.0000000000  ,   811.2418828972  ,     0.0000000000
  13040.00   ,    0.0240954395 ,  -1151.8629566205 ,  -1151.8870520600   ,    0.0000000000  ,   724.5757189287  ,     0.0000000000
  13080.00   ,    0.0276642234 ,  -1151.8630086666 ,  -1151.8906728900   ,    0.0000000000  ,   831.8928816418  ,     0.0000000000
  13120.00   ,    0.0392214900 ,  -1151.8631753500 ,  -1151.9023968400   ,    0.0000000000  ,  1179.4322888687  ,     0.0000000000
  13160.00   ,    0.0587050873 ,  -1151.8634561927 ,  -1151.9221612800   ,    0.0000000000  ,  1765.3249631073  ,     0.0000000000
  13200.00   ,    0.0801203652 ,  -1151.8650219848 ,  -1151.9451423500   ,    0.0000000000  ,  2409.3053482817  ,     0.0000000000
  13240.00   ,    0.0699091130 ,  -1151.8690923870 ,  -1151.9390015000   ,    0.0000000000  ,  2102.2420399765  ,     0.0000000000
  13280.00   ,    0.0288064047 ,  -1151.8462251553 ,  -1151.8750315600   ,    0.0000000000  ,   866.2394987543  ,     0.0000000000
  13320.00   ,    0.0347008611 ,  -1151.9051047089 ,  -1151.9398055700   ,    0.0000000000  ,  1043.4921268428  ,     0.0000000000
  13360.00   ,    0.1024636274 ,  -1151.8449855026 ,  -1151.9474491300   ,    0.0000000000  ,  3081.1912168410  ,     0.0000000000
  13400.00   ,    0.0594756925 ,  -1151.8548048375 ,  -1151.9142805300   ,    0.0000000000  ,  1788.4978897384  ,     0.0000000000
  13440.00   ,    0.0278439428 ,  -1151.8597478672 ,  -1151.8875918100   ,    0.0000000000  ,   837.2972350520  ,     0.0000000000
  13480.00   ,    0.0130226233 ,  -1151.8620216367 ,  -1151.8750442600   ,    0.0000000000  ,   391.6042560853  ,     0.0000000000
  13520.00   ,    0.0099633431 ,  -1151.8628057169 ,  -1151.8727690600   ,    0.0000000000  ,   299.6084179720  ,     0.0000000000
  13560.00   ,    0.0183955968 ,  -1151.8629607032 ,  -1151.8813563000   ,    0.0000000000  ,   553.1753351165  ,     0.0000000000
  13600.00   ,    0.0408182837 ,  -1151.8635818263 ,  -1151.9044001100   ,    0.0000000000  ,  1227.4495888202  ,     0.0000000000
  13640.00   ,    0.0707809182 ,  -1151.8651589718 ,  -1151.9359398900   ,    0.0000000000  ,  2128.4581558042  ,     0.0000000000
  13680.00   ,    0.0675941788 ,  -1151.8703790712 ,  -1151.9379732500   ,    0.0000000000  ,  2032.6294840165  ,     0.0000000000
  13720.00   ,    0.0074608077 ,  -1151.8453645723 ,  -1151.8528253800   ,    0.0000000000  ,   224.3544939318  ,     0.0000000000
  13760.00   ,    0.0536622881 ,  -1151.8720515419 ,  -1151.9257138300   ,    0.0000000000  ,  1613.6825802995  ,     0.0000000000
  13800.00   ,    0.0877741282 ,  -1151.8518512718 ,  -1151.9396254000   ,    0.0000000000  ,  2639.4622149390  ,     0.0000000000
  13840.00   ,    0.0503087959 ,  -1151.8570044341 ,  -1151.9073132300   ,    0.0000000000  ,  1512.8394736540  ,     0.0000000000
  13880.00   ,    0.0205635534 ,  -1151.8600791866 ,  -1151.8806427400   ,    0.0000000000  ,   618.3681138010  ,     0.0000000000
  13920.00   ,    0.0067963523 ,  -1151.8613987077 ,  -1151.8681950600   ,    0.0000000000  ,   204.3736045870  ,     0.0000000000
  13960.00   ,    0.0069676293 ,  -1151.8632382507 ,  -1151.8702058800   ,    0.0000000000  ,   209.5240885025  ,     0.0000000000
  14000.00   ,    0.0205884462 ,  -1151.8629550538 ,  -1151.8835435000   ,    0.0000000000  ,   619.1166679357  ,     0.0000000000
  14040.00   ,    0.0447319327 ,  -1151.8634291773 ,  -1151.9081611100   ,    0.0000000000  ,  1345.1372114703  ,     0.0000000000
  14080.00   ,    0.0739173202 ,  -1151.8654223698 ,  -1151.9393396900   ,    0.0000000000  ,  2222.7731312978  ,     0.0000000000
  14120.00   ,    0.0653534243 ,  -1151.8709755357 ,  -1151.9363289600   ,    0.0000000000  ,  1965.2475927715  ,     0.0000000000
  14160.00   ,    0.0107734554 ,  -1151.8414207846 ,  -1151.8521942400   ,    0.0000000000  ,   323.9693630436  ,     0.0000000000
  14200.00   ,    0.0704046201 ,  -1151.8697621399 ,  -1151.9401667600   ,    0.0000000000  ,  2117.1424697793  ,     0.0000000000
  14240.00   ,    0.0883324199 ,  -1151.8529783001 ,  -1151.9413107200   ,    0.0000000000  ,  2656.2506460650  ,     0.0000000000
  14280.00   ,    0.0494258987 ,  -1151.8574594913 ,  -1151.9068853900   ,    0.0000000000  ,  1486.2898076233  ,     0.0000000000
  14320.00   ,    0.0235364348 ,  -1151.8609738352 ,  -1151.8845102700   ,    0.0000000000  ,   707.7658474434  ,     0.0000000000
  14360.00   ,    0.0123659435 ,  -1151.8625856665 ,  -1151.8749516100   ,    0.0000000000  ,   371.8571901800  ,     0.0000000000
  14400.00   ,    0.0104006162 ,  -1151.8630173438 ,  -1151.8734179600   ,    0.0000000000  ,   312.7576899221  ,     0.0000000000
  14440.00   ,    0.0165296584 ,  -1151.8629414616 ,  -1151.8794711200   ,    0.0000000000  ,   497.0645637364  ,     0.0000000000
  14480.00   ,    0.0328298210 ,  -1151.8631110990 ,  -1151.8959409200   ,    0.0000000000  ,   987.2279446692  ,     0.0000000000
  14520.00   ,    0.0601363002 ,  -1151.8638881898 ,  -1151.9240244900   ,    0.0000000000  ,  1808.3630713331  ,     0.0000000000
  14560.00   ,    0.0829881522 ,  -1151.8672759678 ,  -1151.9502641200   ,    0.0000000000  ,  2495.5427808165  ,     0.0000000000
  14600.00   ,    0.0433484493 ,  -1151.8676085807 ,  -1151.9109570300   ,    0.0000000000  ,  1303.5343819387  ,     0.0000000000
  14640.00   ,    0.0190141685 ,  -1151.8481782715 ,  -1151.8671924400   ,    0.0000000000  ,   571.7764488589  ,     0.0000000000
  14680.00   ,    0.0206571562 ,  -1151.9284196538 ,  -1151.9490768100   ,    0.0000000000  ,   621.1828519376  ,     0.0000000000
  14720.00   ,    0.0886564256 ,  -1151.8570228344 ,  -1151.9456792600   ,    0.0000000000  ,  2665.9938434229  ,     0.0000000000
  14760.00   ,    0.0551086276 ,  -1151.8576347924 ,  -1151.9127434200   ,    0.0000000000  ,  1657.1755622283  ,     0.0000000000
  14800.00   ,    0.0268915929 ,  -1151.8605517171 ,  -1151.8874433100   ,    0.0000000000  ,   808.6590533055  ,     0.0000000000
  14840.00   ,    0.0146335895 ,  -1151.8626705405 ,  -1151.8773041300   ,    0.0000000000  ,   440.0477375246  ,     0.0000000000
  14880.00   ,    0.0113018209 ,  -1151.8634207791 ,  -1151.8747226000   ,    0.0000000000  ,   339.8578818297  ,     0.0000000000
  14920.00   ,    0.0100371928 ,  -1151.8632130672 ,  -1151.8732502600   ,    0.0000000000  ,   301.8291570838  ,     0.0000000000
  14960.00   ,    0.0087659798 ,  -1151.8628982502 ,  -1151.8716642300   ,    0.0000000000  ,   263.6024195465  ,     0.0000000000
  15000.00   ,    0.0095767954 ,  -1151.8631441746 ,  -1151.8727209700   ,    0.0000000000  ,   287.9845145545  ,     0.0000000000
  15040.00   ,    0.0126566381 ,  -1151.8633033819 ,  -1151.8759600200   ,    0.0000000000  ,   380.5986873556  ,     0.0000000000
  15080.00   ,    0.0154552358 ,  -1151.8629975242 ,  -1151.8784527600   ,    0.0000000000  ,   464.7555246154  ,     0.0000000000
  15120.00   ,    0.0181644687 ,  -1151.8628430813 ,  -1151.8810075500   ,    0.0000000000  ,   546.2250640830  ,     0.0000000000
  15160.00   ,    0.0248359279 ,  -1151.8628293621 ,  -1151.8876652900   ,    0.0000000000  ,   746.8430012164  ,     0.0000000000
  15200.00   ,    0.0402271536 ,  -1151.8630874964 ,  -1151.9033146500   ,    0.0000000000  ,  1209.6736712871  ,     0.0000000000
  15240.00   ,    0.0650513772 ,  -1151.8643684428 ,  -1151.9294198200   ,    0.0000000000  ,  1956.1647118515  ,     0.0000000000
  15280.00   ,    0.0782475038 ,  -1151.8682731362 ,  -1151.9465206400   ,    0.0000000000  ,  2352.9863972118  ,     0.0000000000
  15320.00   ,    0.0291225237 ,  -1151.8601047263 ,  -1151.8892272500   ,    0.0000000000  ,   875.7455360094  ,     0.0000000000
  15360.00   ,    0.0312788743 ,  -1151.8640467857 ,  -1151.8953256600   ,    0.0000000000  ,   940.5893130895  ,     0.0000000000
  15400.00   ,    0.0840032472 ,  -1151.8640626828 ,  -1151.9480659300   ,    0.0000000000  ,  2526.0677771192  ,     0.0000000000
  15440.00   ,    0.0687439329 ,  -1151.8575454471 ,  -1151.9262893800   ,    0.0000000000  ,  2067.2038219221  ,     0.0000000000
  15480.00   ,    0.0394318495 ,  -1151.8601988605 ,  -1151.8996307100   ,    0.0000000000  ,  1185.7580238103  ,     0.0000000000
  15520.00   ,    0.0245725746 ,  -1151.8626672454 ,  -1151.8872398200   ,    0.0000000000  ,   738.9236850506  ,     0.0000000000
  15560.00   ,    0.0198262731 ,  -1151.8634858569 ,  -1151.8833121300   ,    0.0000000000  ,   596.1973040561  ,     0.0000000000
  15600.00   ,    0.0175557989 ,  -1151.8633583711 ,  -1151.8809141700   ,    0.0000000000  ,   527.9217093059  ,     0.0000000000
  15640.00   ,    0.0140567472 ,  -1151.8630281128 ,  -1151.8770848600   ,    0.0000000000  ,   422.7014695192  ,     0.0000000000
  15680.00   ,    0.0107734655 ,  -1151.8629402045 ,  -1151.8737136700   ,    0.0000000000  ,   323.9696668396  ,     0.0000000000
  15720.00   ,    0.0097990366 ,  -1151.8632260134 ,  -1151.8730250500   ,    0.0000000000  ,   294.6675450484  ,     0.0000000000
  15760.00   ,    0.0107014576 ,  -1151.8782228524 ,  -1151.8889243100   ,    0.0000000000  ,   321.8043131511  ,     0.0000000000
  15800.00   ,    0.0402605917 ,  -1151.8566072283 ,  -1151.8968678200   ,    0.0000000000  ,  1210.6791918670  ,     0.0000000000
  15840.00   ,    0.0557405425 ,  -1151.8653800975 ,  -1151.9211206400   ,    0.0000000000  ,  1676.1779214934  ,     0.0000000000
  15880.00   ,    0.0986010070 ,  -1151.8623673430 ,  -1151.9609683500   ,    0.0000000000  ,  2965.0380784975  ,     0.0000000000
  15920.00   ,    0.1417104350 ,  -1151.8687541650 ,  -1152.0104646000   ,    0.0000000000  ,  4261.3848326019  ,     0.0000000000
  15960.00   ,    0.0996226769 ,  -1151.8786404531 ,  -1151.9782631300   ,    0.0000000000  ,  2995.7607890800  ,     0.0000000000
  16000.00   ,    0.0600256093 ,  -1151.8194146507 ,  -1151.8794402600   ,    0.0000000000  ,  1805.0344771227  ,     0.0000000000
  16040.00   ,    0.0518406695 ,  -1151.9695644905 ,  -1152.0214051600   ,    0.0000000000  ,  1558.9045564351  ,     0.0000000000
  16080.00   ,    0.1425013459 ,  -1151.8674479741 ,  -1152.0099493200   ,    0.0000000000  ,  4285.1683725986  ,     0.0000000000
  16120.00   ,    0.1081498653 ,  -1151.8608799847 ,  -1151.9690298500   ,    0.0000000000  ,  3252.1824922605  ,     0.0000000000
  16160.00   ,    0.0710667761 ,  -1151.8618062639 ,  -1151.9328730400   ,    0.0000000000  ,  2137.0542121244  ,     0.0000000000
  16200.00   ,    0.0510228139 ,  -1151.8628349061 ,  -1151.9138577200   ,    0.0000000000  ,  1534.3107600073  ,     0.0000000000
  16240.00   ,    0.0480472870 ,  -1151.8634870030 ,  -1151.9115342900   ,    0.0000000000  ,  1444.8334738615  ,     0.0000000000
  16280.00   ,    0.0556929577 ,  -1151.8636871223 ,  -1151.9193800800   ,    0.0000000000  ,  1674.7469947812  ,     0.0000000000
  16320.00   ,    0.0650679026 ,  -1151.8632710574 ,  -1151.9283389600   ,    0.0000000000  ,  1956.6616488150  ,     0.0000000000
  16360.00   ,    0.0746517886 ,  -1151.8621349414 ,  -1151.9367867300   ,    0.0000000000  ,  2244.8593828514  ,     0.0000000000
  16400.00   ,    0.0944303695 ,  -1151.8634644705 ,  -1151.9578948400   ,    0.0000000000  ,  2839.6225342728  ,     0.0000000000
  16440.00   ,    0.1243643047 ,  -1151.8643854453 ,  -1151.9887497500   ,    0.0000000000  ,  3739.7680828338  ,     0.0000000000
  16480.00   ,    0.1477421471 ,  -1151.8630448029 ,  -1152.0107869500   ,    0.0000000000  ,  4442.7648881732  ,     0.0000000000
  16520.00   ,    0.1569627334 ,  -1151.8631989866 ,  -1152.0201617200   ,    0.0000000000  ,  4720.0378110665  ,     0.0000000000
  16560.00   ,    0.1539292420 ,  -1151.8632098480 ,  -1152.0171390900   ,    0.0000000000  ,  4628.8174707521  ,     0.0000000000
  16600.00   ,    0.1397208197 ,  -1151.8626163203 ,  -1152.0023371400   ,    0.0000000000  ,  4201.5549676360  ,     0.0000000000
  16640.00   ,    0.1204620682 ,  -1151.8621816418 ,  -1151.9826437100   ,    0.0000000000  ,  3622.4236437721  ,     0.0000000000
  16680.00   ,    0.1065496764 ,  -1151.8625407636 ,  -1151.9690904400   ,    0.0000000000  ,  3204.0630949750  ,     0.0000000000
  16720.00   ,    0.1053865259 ,  -1151.8629960741 ,  -1151.9683826000   ,    0.0000000000  ,  3169.0859108002  ,     0.0000000000
  16760.00   ,    0.1171687644 ,  -1151.8637287856 ,  -1151.9808975500   ,    0.0000000000  ,  3523.3904650642  ,     0.0000000000
  16800.00   ,    0.1328386444 ,  -1151.8641664456 ,  -1151.9970050900   ,    0.0000000000  ,  3994.6005705084  ,     0.0000000000
  16840.00   ,    0.1402658875 ,  -1151.8631943725 ,  -1152.0034602600   ,    0.0000000000  ,  4217.9457406580  ,     0.0000000000
  16880.00   ,    0.1370671124 ,  -1151.8626762376 ,  -1151.9997433500   ,    0.0000000000  ,  4121.7551389509  ,     0.0000000000
  16920.00   ,    0.1304521348 ,  -1151.8627633952 ,  -1151.9932155300   ,    0.0000000000  ,  3922.8356647136  ,     0.0000000000
  16960.00   ,    0.1268258430 ,  -1151.8629682470 ,  -1151.9897940900   ,    0.0000000000  ,  3813.7891794356  ,     0.0000000000
  17000.00   ,    0.1295169462 ,  -1151.8629255338 ,  -1151.9924424800   ,    0.0000000000  ,  3894.7135400118  ,     0.0000000000
  17040.00   ,    0.1409726976 ,  -1151.8631563424 ,  -1152.0041290400   ,    0.0000000000  ,  4239.2002769847  ,     0.0000000000
  17080.00   ,    0.1596121888 ,  -1151.8638735112 ,  -1152.0234857000   ,    0.0000000000  ,  4799.7097781206  ,     0.0000000000
  17120.00   ,    0.1755872549 ,  -1151.8635785051 ,  -1152.0391657600   ,    0.0000000000  ,  5280.0971557576  ,     0.0000000000
  17160.00   ,    0.1811731643 ,  -1151.8622457557 ,  -1152.0434189200   ,    0.0000000000  ,  5448.0714462231  ,     0.0000000000
  17200.00   ,    0.1822880177 ,  -1151.8629406523 ,  -1152.0452286700   ,    0.0000000000  ,  5481.5962832755  ,     0.0000000000
  17240.00   ,    0.1821741527 ,  -1151.8639941273 ,  -1152.0461682800   ,    0.0000000000  ,  5478.1722409415  ,     0.0000000000
  17280.00   ,    0.1732640539 ,  -1151.8629783561 ,  -1152.0362424100   ,    0.0000000000  ,  5210.2360095085  ,     0.0000000000
  17320.00   ,    0.1550916259 ,  -1151.8625459341 ,  -1152.0176375600   ,    0.0000000000  ,  4663.7716020514  ,     0.0000000000
  17360.00   ,    0.1367699701 ,  -1151.8625274799 ,  -1151.9992974500   ,    0.0000000000  ,  4112.8197527556  ,     0.0000000000
  17400.00   ,    0.1264384556 ,  -1151.8630186244 ,  -1151.9894570800   ,    0.0000000000  ,  3802.1400245380  ,     0.0000000000
  17440.00   ,    0.1257908186 ,  -1151.8634554714 ,  -1151.9892462900   ,    0.0000000000  ,  3782.6648851360  ,     0.0000000000
  17480.00   ,    0.1306516786 ,  -1151.8632235214 ,  -1151.9938752000   ,    0.0000000000  ,  3928.8361635325  ,     0.0000000000
  17520.00   ,    0.1371023078 ,  -1151.8632696522 ,  -1152.0003719600   ,    0.0000000000  ,  4122.8135031146  ,     0.0000000000
  17560.00   ,    0.1392534221 ,  -1151.8643552979 ,  -1152.0036087200   ,    0.0000000000  ,  4187.4998200246  ,     0.0000000000
  17600.00   ,    0.1279853828 ,  -1151.8617920972 ,  -1151.9897774800   ,    0.0000000000  ,  3848.6577870096  ,     0.0000000000
  17640.00   ,    0.1224911078 ,  -1151.8627668822 ,  -1151.9852579900   ,    0.0000000000  ,  3683.4390418755  ,     0.0000000000
  17680.00   ,    0.1269851544 ,  -1151.8656144256 ,  -1151.9925995800   ,    0.0000000000  ,  3818.5798463669  ,     0.0000000000
  17720.00   ,    0.1142939570 ,  -1151.8612838230 ,  -1151.9755777800   ,    0.0000000000  ,  3436.9419234060  ,     0.0000000000
  17760.00   ,    0.0915348805 ,  -1151.8618952195 ,  -1151.9534301000   ,    0.0000000000  ,  2752.5520705347  ,     0.0000000000
  17800.00   ,    0.0769143586 ,  -1151.8630178714 ,  -1151.9399322300   ,    0.0000000000  ,  2312.8972899498  ,     0.0000000000
  17840.00   ,    0.0711854876 ,  -1151.8632295124 ,  -1151.9344150000   ,    0.0000000000  ,  2140.6239919800  ,     0.0000000000
  17880.00   ,    0.0713283351 ,  -1151.8631797149 ,  -1151.9345080500   ,    0.0000000000  ,  2144.9195711173  ,     0.0000000000
  17920.00   ,    0.0761774434 ,  -1151.8630263166 ,  -1151.9392037600   ,    0.0000000000  ,  2290.7374606091  ,     0.0000000000
  17960.00   ,    0.0880333374 ,  -1151.8625658426 ,  -1151.9505991800   ,    0.0000000000  ,  2647.2569124917  ,     0.0000000000
  18000.00   ,    0.1126961243 ,  -1151.8636118357 ,  -1151.9763079600   ,    0.0000000000  ,  3388.8933775378  ,     0.0000000000
  18040.00   ,    0.1438589307 ,  -1151.8653044993 ,  -1152.0091634300   ,    0.0000000000  ,  4325.9924040770  ,     0.0000000000
  18080.00   ,    0.1580178023 ,  -1151.8634789677 ,  -1152.0214967700   ,    0.0000000000  ,  4751.7648642667  ,     0.0000000000
  18120.00   ,    0.1464356254 ,  -1151.8611468446 ,  -1152.0075824700   ,    0.0000000000  ,  4403.4763771273  ,     0.0000000000
  18160.00   ,    0.1299202314 ,  -1151.8624374386 ,  -1151.9923576700   ,    0.0000000000  ,  3906.8407601366  ,     0.0000000000
  18200.00   ,    0.1200607935 ,  -1151.8638332665 ,  -1151.9838940600   ,    0.0000000000  ,  3610.3568825920  ,     0.0000000000
  18240.00   ,    0.1116329646 ,  -1151.8625490054 ,  -1151.9741819700   ,    0.0000000000  ,  3356.9230258416  ,     0.0000000000
  18280.00   ,    0.1065910580 ,  -1151.8631239020 ,  -1151.9697149600   ,    0.0000000000  ,  3205.3074841789  ,     0.0000000000
  18320.00   ,    0.1053564086 ,  -1151.8642253014 ,  -1151.9695817100   ,    0.0000000000  ,  3168.1802523865  ,     0.0000000000
  18360.00   ,    0.1010071005 ,  -1151.8615016095 ,  -1151.9625087100   ,    0.0000000000  ,  3037.3918898918  ,     0.0000000000
  18400.00   ,    0.1100603352 ,  -1151.8630976448 ,  -1151.9731579800   ,    0.0000000000  ,  3309.6323709989  ,     0.0000000000
  18440.00   ,    0.1307427292 ,  -1151.8666728608 ,  -1151.9974155900   ,    0.0000000000  ,  3931.5741521386  ,     0.0000000000
  18480.00   ,    0.1353189458 ,  -1151.8586995642 ,  -1151.9940185100   ,    0.0000000000  ,  4069.1858959751  ,     0.0000000000
  18520.00   ,    0.1397415823 ,  -1151.8655550477 ,  -1152.0052966300   ,    0.0000000000  ,  4202.1793193413  ,     0.0000000000
  18560.00   ,    0.1509112577 ,  -1151.8640024223 ,  -1152.0149136800   ,    0.0000000000  ,  4538.0634436791  ,     0.0000000000
  18600.00   ,    0.1442701170 ,  -1151.8617409630 ,  -1152.0060110800   ,    0.0000000000  ,  4338.3572179446  ,     0.0000000000
  18640.00   ,    0.1317651419 ,  -1151.8627592881 ,  -1151.9945244300   ,    0.0000000000  ,  3962.3191984856  ,     0.0000000000
  18680.00   ,    0.1207395175 ,  -1151.8635002025 ,  -1151.9842397200   ,    0.0000000000  ,  3630.7668436650  ,     0.0000000000
  18720.00   ,    0.1078924777 ,  -1151.8625003423 ,  -1151.9703928200   ,    0.0000000000  ,  3244.4425697235  ,     0.0000000000
  18760.00   ,    0.0999596587 ,  -1151.8621313113 ,  -1151.9620909700   ,    0.0000000000  ,  3005.8941929691  ,     0.0000000000
  18800.00   ,    0.1064043640 ,  -1151.8641119460 ,  -1151.9705163100   ,    0.0000000000  ,  3199.6933951595  ,     0.0000000000
  18840.00   ,    0.1190479652 ,  -1151.8641196448 ,  -1151.9831676100   ,    0.0000000000  ,  3579.9000497376  ,     0.0000000000
  18880.00   ,    0.1181538678 ,  -1151.8642031022 ,  -1151.9823569700   ,    0.0000000000  ,  3553.0135813295  ,     0.0000000000
  18920.00   ,    0.1021623556 ,  -1151.8592373144 ,  -1151.9613996700   ,    0.0000000000  ,  3072.1316513981  ,     0.0000000000
  18960.00   ,    0.1056526543 ,  -1151.8654891657 ,  -1151.9711418200   ,    0.0000000000  ,  3177.0886781809  ,     0.0000000000
  19000.00   ,    0.1251980019 ,  -1151.8646783581 ,  -1151.9898763600   ,    0.0000000000  ,  3764.8382521790  ,     0.0000000000
  19040.00   ,    0.1216178650 ,  -1151.8615986150 ,  -1151.9832164800   ,    0.0000000000  ,  3657.1796941471  ,     0.0000000000
  19080.00   ,    0.1042951668 ,  -1151.8626410231 ,  -1151.9669361900   ,    0.0000000000  ,  3136.2675739109  ,     0.0000000000
  19120.00   ,    0.0850819744 ,  -1151.8627783256 ,  -1151.9478603000   ,    0.0000000000  ,  2558.5062623130  ,     0.0000000000
  19160.00   ,    0.0719805385 ,  -1151.8613079915 ,  -1151.9332885300   ,    0.0000000000  ,  2164.5320251244  ,     0.0000000000
  19200.00   ,    0.0802125598 ,  -1151.8641506302 ,  -1151.9443631900   ,    0.0000000000  ,  2412.0777391334  ,     0.0000000000
  19240.00   ,    0.1023720669 ,  -1151.8656983631 ,  -1151.9680704300   ,    0.0000000000  ,  3078.4378963781  ,     0.0000000000
  19280.00   ,    0.0981312021 ,  -1151.8645619979 ,  -1151.9626932000   ,    0.0000000000  ,  2950.9105411741  ,     0.0000000000
  19320.00   ,    0.0820002669 ,  -1151.8521687631 ,  -1151.9341690300   ,    0.0000000000  ,  2465.8360096919  ,     0.0000000000
  19360.00   ,    0.1034803998 ,  -1151.8786813502 ,  -1151.9821617500   ,    0.0000000000  ,  3111.7666530144  ,     0.0000000000
  19400.00   ,    0.1348687728 ,  -1151.8590261972 ,  -1151.9938949700   ,    0.0000000000  ,  4055.6487091240  ,     0.0000000000
  19440.00   ,    0.1094059606 ,  -1151.8600379394 ,  -1151.9694439000   ,    0.0000000000  ,  3289.9546246153  ,     0.0000000000
  19480.00   ,    0.0853903828 ,  -1151.8610836372 ,  -1151.9464740200   ,    0.0000000000  ,  2567.7804325393  ,     0.0000000000
  19520.00   ,    0.0809319610 ,  -1151.8643793490 ,  -1151.9453113100   ,    0.0000000000  ,  2433.7109056565  ,     0.0000000000
  19560.00   ,    0.0865618331 ,  -1151.8632686669 ,  -1151.9498305000   ,    0.0000000000  ,  2603.0072008582  ,     0.0000000000
  19600.00   ,    0.0916863018 ,  -1151.8624826382 ,  -1151.9541689400   ,    0.0000000000  ,  2757.1054721444  ,     0.0000000000
  19640.00   ,    0.1024740835 ,  -1151.8633504465 ,  -1151.9658245300   ,    0.0000000000  ,  3081.5056445208  ,     0.0000000000
  19680.00   ,    0.1169091391 ,  -1151.8648913909 ,  -1151.9818005300   ,    0.0000000000  ,  3515.5832551937  ,     0.0000000000
  19720.00   ,    0.1128828892 ,  -1151.8645542908 ,  -1151.9774371800   ,    0.0000000000  ,  3394.5095997691  ,     0.0000000000
  19760.00   ,    0.0936057412 ,  -1151.8558248988 ,  -1151.9494306400   ,    0.0000000000  ,  2814.8250751221  ,     0.0000000000
  19800.00   ,    0.1058574028 ,  -1151.8701088072 ,  -1151.9759662100   ,    0.0000000000  ,  3183.2456858084  ,     0.0000000000
  19840.00   ,    0.1387497067 ,  -1151.8624152233 ,  -1152.0011649300   ,    0.0000000000  ,  4172.3525568080  ,     0.0000000000
  19880.00   ,    0.1355641053 ,  -1151.8617237747 ,  -1151.9972878800   ,    0.0000000000  ,  4076.5581032971  ,     0.0000000000
  19920.00   ,    0.1175190681 ,  -1151.8620759819 ,  -1151.9795950500   ,    0.0000000000  ,  3533.9244735532  ,     0.0000000000
  19960.00   ,    0.0997979025 ,  -1151.8624034175 ,  -1151.9622013200   ,    0.0000000000  ,  3001.0300106692  ,     0.0000000000
  20000.00   ,    0.0917605961 ,  -1151.8628036139 ,  -1151.9545642100   ,    0.0000000000  ,  2759.3395808694  ,     0.0000000000
  20040.00   ,    0.0973772096 ,  -1151.8632362104 ,  -1151.9606134200   ,    0.0000000000  ,  2928.2371758872  ,     0.0000000000
  20080.00   ,    0.1140757555 ,  -1151.8638398645 ,  -1151.9779156200   ,    0.0000000000  ,  3430.3803700246  ,     0.0000000000
  20120.00   ,    0.1296303015 ,  -1151.8646471785 ,  -1151.9942774800   ,    0.0000000000  ,  3898.1222582474  ,     0.0000000000
  20160.00   ,    0.1304111151 ,  -1151.8609415649 ,  -1151.9913526800   ,    0.0000000000  ,  3921.6021604262  ,     0.0000000000
  20200.00   ,    0.1333622934 ,  -1151.8629476566 ,  -1151.9963099500   ,    0.0000000000  ,  4010.3472577737  ,     0.0000000000
  20240.00   ,    0.1482305598 ,  -1151.8657173102 ,  -1152.0139478700   ,    0.0000000000  ,  4457.4519816085  ,     0.0000000000
  20280.00   ,    0.1462999166 ,  -1151.8633318634 ,  -1152.0096317800   ,    0.0000000000  ,  4399.3954694621  ,     0.0000000000
  20320.00   ,    0.1177224800 ,  -1151.8611979100 ,  -1151.9789203900   ,    0.0000000000  ,  3540.0412879140  ,     0.0000000000
  20360.00   ,    0.0839040809 ,  -1151.8615864891 ,  -1151.9454905700   ,    0.0000000000  ,  2523.0857401228  ,     0.0000000000
  20400.00   ,    0.0636103793 ,  -1151.8626279107 ,  -1151.9262382900   ,    0.0000000000  ,  1912.8323576864  ,     0.0000000000
  20440.00   ,    0.0613113370 ,  -1151.8631743530 ,  -1151.9244856900   ,    0.0000000000  ,  1843.6976888065  ,     0.0000000000
  20480.00   ,    0.0755652098 ,  -1151.8633279802 ,  -1151.9388931900   ,    0.0000000000  ,  2272.3269377424  ,     0.0000000000
  20520.00   ,    0.1007107307 ,  -1151.8643501793 ,  -1151.9650609100   ,    0.0000000000  ,  3028.4797333899  ,     0.0000000000
  20560.00   ,    0.1184230739 ,  -1151.8654327461 ,  -1151.9838558200   ,    0.0000000000  ,  3561.1088963766  ,     0.0000000000
  20600.00   ,    0.1047593800 ,  -1151.8619105200 ,  -1151.9666699000   ,    0.0000000000  ,  3150.2269625660  ,     0.0000000000
  20640.00   ,    0.1050410055 ,  -1151.8566460745 ,  -1151.9616870800   ,    0.0000000000  ,  3158.6957421766  ,     0.0000000000
